Wavelength (nm),Normailze Light Intensity (a.u.)
300,0.0173413
301,0.0220175
302,0.031405
303,0.0420351
304,0.0450334
305,0.0338401
306,0.0186872
307,0.00804884
308,0
309,0
310,0
311,0.00170349
312,0.0021745
313,0.00151169
314,0.0123359
315,0.0130284
316,0
317,0
318,6.96E-05
319,0.0161542
320,0.0199989
321,0.011049
322,0.000507631
323,0.00707179
324,0.0317198
325,0.0675268
326,0.0885707
327,0.0773634
328,0.0827951
329,0.119664
330,0.123609
331,0.0998968
332,0.107104
333,0.12124
334,0.0868612
335,0.0430727
336,0.0339205
337,0.0286988
338,0.0111865
339,0.024512
340,0.0632717
341,0.0542478
342,0.020276
343,0.0325299
344,0.0713802
345,0.102496
346,0.100628
347,0.0522964
348,0.0338888
349,0.0701538
350,0.0755555
351,0.0533142
352,0.056277
353,0.0796473
354,0.110026
355,0.121445
356,0.0913827
357,0.07241
358,0.0930551
359,0.100769
360,0.0841039
361,0.096353
362,0.113806
363,0.0754735
364,0.0283876
365,0.040101
366,0.0637092
367,0.0657839
368,0.0605202
369,0.0528704
370,0.0490079
371,0.0487728
372,0.0426114
373,0.0362601
374,0.0399847
375,0.0488407
376,0.0562143
377,0.0581141
378,0.0513179
379,0.0419719
380,0.0330887
381,0.015795
382,0.00456351
383,0.0241411
384,0.0512605
385,0.0557902
386,0.0510727
387,0.0475662
388,0.0425498
389,0.0380413
390,0.0416777
391,0.0467071
392,0.0380349
393,0.0250446
394,0.022962
395,0.0220915
396,0.0163282
397,0.00981737
398,0.00474838
399,0.00474738
400,0.00939683
401,0.0131479
402,0.0184773
403,0.0311382
404,0.0396197
405,0.0364102
406,0.0345027
407,0.038764
408,0.0461929
409,0.0496705
410,0.0339525
411,0.0107414
412,0.00349187
413,0.00390792
414,0.0014919
415,0
416,0
417,0
418,0
419,0.000418517
420,0.00735399
421,0.032473
422,0.0489116
423,0.0338485
424,0.0177241
425,0.0173839
426,0.0174505
427,0.0149815
428,0.0159887
429,0.0143099
430,0.000308888
431,0
432,0
433,0.00206541
434,3.17E-05
435,0
436,0
437,0
438,0
439,0.00150002
440,0.0177108
441,0.0153529
442,0.0146853
443,0.0232797
444,0.0198627
445,0.00876773
446,0.00778737
447,0.0156485
448,0.0266092
449,0.0307626
450,0.0215772
451,0.0144239
452,0.0164878
453,0.0186486
454,0.0191266
455,0.0191207
456,0.0174983
457,0.0139068
458,0.0118618
459,0.0134235
460,0.0159731
461,0.0178597
462,0.0185304
463,0.0187838
464,0.0202166
465,0.022297
466,0.0236458
467,0.0209602
468,0.0134887
469,0.00512361
470,0
471,0.00188494
472,0.00757888
473,0.00977135
474,0.00745796
475,0.00189323
476,0.0037712
477,0.0166591
478,0.0230976
479,0.0217716
480,0.0234735
481,0.0256379
482,0.0235684
483,0.0190811
484,0.0133374
485,0.013969
486,0.0209993
487,0.0180812
488,0.00974061
489,0.0110921
490,0.0165052
491,0.0179696
492,0.015782
493,0.0106527
494,0.0110924
495,0.0162997
496,0.0149442
497,0.0106676
498,0.0129056
499,0.0148273
500,0.0115045
501,0.0125564
502,0.019272
503,0.0192658
504,0.0136382
505,0.0110562
506,0.00768015
507,0.000434557
508,0
509,0.00110334
510,0.0046721
511,0.00412162
512,0.000459206
513,0
514,0.00828126
515,0.0184365
516,0.0195202
517,0.0185276
518,0.017766
519,0.0135898
520,0.00925459
521,0.0103495
522,0.0119359
523,0.00869289
524,0.00534456
525,0.00404977
526,0.00104916
527,0
528,0
529,0.00200173
530,0.000972823
531,0.00180747
532,0.00722944
533,0.0146293
534,0.021353
535,0.0238365
536,0.0235319
537,0.0242569
538,0.0259119
539,0.0272957
540,0.0267084
541,0.022513
542,0.0120042
543,0.000939998
544,0
545,0.000927894
546,0.000719964
547,5.26E-06
548,2.90E-05
549,0.00228629
550,0.00689004
551,0.0110465
552,0.0135513
553,0.0135826
554,0.0156455
555,0.0202515
556,0.018012
557,0.0118837
558,0.0113089
559,0.0136468
560,0.0144933
561,0.015059
562,0.0155502
563,0.0154935
564,0.0157722
565,0.0177817
566,0.0201186
567,0.0203289
568,0.0188927
569,0.0160635
570,0.00820102
571,0.000434099
572,0.000363259
573,0.00480418
574,0.00500274
575,0.0043712
576,0.00493735
577,0.00388371
578,0.00373682
579,0.0107852
580,0.017739
581,0.0152954
582,0.013142
583,0.0157329
584,0.0125504
585,0.00734537
586,0.010926
587,0.0181255
588,0.0216079
589,0.020182
590,0.0147226
591,0.0146099
592,0.0191323
593,0.0195197
594,0.0200173
595,0.0252844
596,0.0235303
597,0.0123379
598,0.00678094
599,0.00731024
600,0.00712972
601,0.00734511
602,0.00878434
603,0.008166
604,0.00598614
605,0.00833973
606,0.0137737
607,0.0172163
608,0.018797
609,0.0190916
610,0.0173984
611,0.0151429
612,0.0148488
613,0.0159349
614,0.0172052
615,0.0135815
616,0.00368612
617,0.000166539
618,0.00387957
619,0.00675038
620,0.00698311
621,0.00529097
622,0.0021057
623,7.26E-05
624,0.0072546
625,0.0194585
626,0.0243468
627,0.0215562
628,0.0157577
629,0.0114079
630,0.0117217
631,0.019423
632,0.0264191
633,0.0175906
634,0.00711913
635,0.00781035
636,0.00578319
637,3.45E-05
638,0
639,7.19E-05
640,0.00339678
641,0.00571482
642,0.00551443
643,0.00518059
644,0.00586052
645,0.00786412
646,0.00901051
647,0.00738571
648,0.00411588
649,0.00184122
650,0.00546832
651,0.0131771
652,0.0198932
653,0.0219805
654,0.0177527
655,0.0154115
656,0.0162691
657,0.0103314
658,0.0074185
659,0.0197716
660,0.0238737
661,0.0105375
662,0.00252188
663,0.0014539
664,0
665,0.000418808
666,0.00690549
667,0.00830486
668,0.00490312
669,0.0122858
670,0.022836
671,0.024055
672,0.0191792
673,0.0120994
674,0.0136961
675,0.020548
676,0.0196735
677,0.0173715
678,0.0194477
679,0.0227625
680,0.0255691
681,0.0242246
682,0.0218233
683,0.0244734
684,0.02253
685,0.0136575
686,0.0173507
687,0.0248845
688,0.0130861
689,0.00124476
690,0.00359858
691,0.00423266
692,0.0016229
693,0.00353133
694,0.00602583
695,0.00517342
696,0.00474963
697,0.00606791
698,0.00713548
699,0.00797459
700,0.00855604
701,0.00788512
702,0.00622219
703,0.00263756
704,0.00156056
705,0.011038
706,0.0214968
707,0.0238619
708,0.0251382
709,0.0260172
710,0.0208641
711,0.0162468
712,0.0185543
713,0.0181479
714,0.0117448
715,0.00478177
716,0.000858849
717,0.00349953
718,0.00568017
719,0.00333317
720,0.000220564
721,0
722,0.00255007
723,0.00963156
724,0.0150101
725,0.0168316
726,0.015316
727,0.0124618
728,0.0111869
729,0.0133039
730,0.0173217
731,0.0210289
732,0.0231341
733,0.0213562
734,0.0154087
735,0.0118988
736,0.0139189
737,0.0180582
738,0.0220162
739,0.0237678
740,0.0232518
741,0.0219435
742,0.0247426
743,0.0280363
744,0.0248899
745,0.017781
746,0.0104794
747,0.0136418
748,0.022811
749,0.0234413
750,0.0225477
751,0.0254844
752,0.0227442
753,0.0172018
754,0.0181363
755,0.0215823
756,0.0229534
757,0.0257495
758,0.0276644
759,0.0229983
760,0.0177142
761,0.0177982
762,0.0221521
763,0.0279213
764,0.0293852
765,0.0287952
766,0.0300429
767,0.0267426
768,0.0195592
769,0.0166009
770,0.0148719
771,0.0105275
772,0.00841231
773,0.0103985
774,0.0167644
775,0.022396
776,0.0221976
777,0.0226417
778,0.0262237
779,0.0315537
780,0.0350373
781,0.0327099
782,0.0345749
783,0.040656
784,0.0377271
785,0.0296761
786,0.0237213
787,0.0212829
788,0.0217563
789,0.016912
790,0.0148216
791,0.0254936
792,0.0313288
793,0.0299009
794,0.0415022
795,0.0509114
796,0.0415601
797,0.0422018
798,0.0569219
799,0.0646577
800,0.0661913
801,0.0655324
802,0.0712057
803,0.0818417
804,0.0795494
805,0.0788267
806,0.0939734
807,0.0934724
808,0.0808805
809,0.0894525
810,0.0975135
811,0.0861663
812,0.0771253
813,0.075327
814,0.0777491
815,0.0833978
816,0.0895738
817,0.0979573
818,0.107539
819,0.114396
820,0.12755
821,0.149569
822,0.160169
823,0.163579
824,0.175779
825,0.181652
826,0.177109
827,0.17917
828,0.18878
829,0.200731
830,0.213042
831,0.222648
832,0.22354
833,0.227149
834,0.24446
835,0.259136
836,0.265577
837,0.267758
838,0.274521
839,0.290805
840,0.303353
841,0.308015
842,0.306006
843,0.309421
844,0.322625
845,0.335309
846,0.33829
847,0.322342
848,0.321307
849,0.346479
850,0.356657
851,0.361
852,0.378687
853,0.398982
854,0.417663
855,0.432059
856,0.443697
857,0.456255
858,0.464038
859,0.472677
860,0.491657
861,0.514738
862,0.535292
863,0.530131
864,0.522606
865,0.552675
866,0.569828
867,0.563957
868,0.589758
869,0.621455
870,0.628313
871,0.652008
872,0.685905
873,0.689417
874,0.693925
875,0.715558
876,0.718774
877,0.717519
878,0.74064
879,0.768274
880,0.78847
881,0.802635
882,0.810928
883,0.819806
884,0.826079
885,0.83761
886,0.872435
887,0.889719
888,0.870836
889,0.854267
890,0.848833
891,0.85249
892,0.866271
893,0.878253
894,0.872512
895,0.873636
896,0.898954
897,0.934543
898,0.959517
899,0.952451
900,0.950267
901,0.96467
902,0.97105
903,0.968098
904,0.962221
905,0.963158
906,0.974816
907,1
908,0.997779
909,0.967597
910,0.975528
911,0.994669
912,0.987545
913,0.971469
914,0.949232
915,0.919835
916,0.899421
917,0.894613
918,0.901771
919,0.91016
920,0.909963
921,0.914514
922,0.924042
923,0.934773
924,0.934796
925,0.919925
926,0.896616
927,0.886891
928,0.904408
929,0.900542
930,0.89068
931,0.923351
932,0.931359
933,0.900452
934,0.892805
935,0.880167
936,0.843042
937,0.834684
938,0.836218
939,0.811273
940,0.792781
941,0.787108
942,0.780716
943,0.769219
944,0.752396
945,0.735783
946,0.738019
947,0.767932
948,0.780415
949,0.775526
950,0.785637
951,0.789054
952,0.783153
953,0.786418
954,0.793346
955,0.793276
956,0.758855
957,0.715158
958,0.703151
959,0.690064
960,0.669028
961,0.655938
962,0.635058
963,0.608631
964,0.617414
965,0.618227
966,0.581314
967,0.587323
968,0.612632
969,0.605683
970,0.597561
971,0.604404
972,0.637274
973,0.655098
974,0.64182
975,0.62326
976,0.623108
977,0.646577
978,0.626648
979,0.586375
980,0.57502
981,0.526464
982,0.481719
983,0.527012
984,0.538819
985,0.498603
986,0.511843
987,0.508765
988,0.471871
989,0.509011
990,0.548711
991,0.529585
992,0.553357
993,0.591845
994,0.588033
995,0.610718
996,0.625941
997,0.555249
998,0.534999
999,0.561993
1000,0.490285
